Id,Predicted
20200401,8850693234.115168
20200402,9391856658.120127
20200403,9434053832.054743
20200404,10600728493.10636
20200405,12036736381.513556
20200406,8604742438.308008
20200407,9611668153.674595
