Id,Predicted
20200401,8838595778.091846
20200402,8178133527.38532
20200403,10672127470.668451
20200404,12359425386.688103
20200405,8409049256.235273
20200406,11693124214.47755
20200407,17434339611.47317
